code,year_,freq,ITEM6008,ITEM7011,ITEM8406
2340,2010,A,BE0974293251,,
2340,2011,A,BE0974293251,,
2340,2012,A,BE0974293251,,
2340,2013,A,BE0974293251,,
2340,2014,A,BE0974293251,,
2340,2015,A,BE0974293251,,
2340,2016,A,BE0974293251,,
2340,2017,A,BE0974293251,,
2340,2018,A,BE0974293251,,
2340,2019,A,BE0974293251,,
2343,2010,A,BE0974293251,114313,742327.69676
2343,2011,A,BE0974293251,116278,741963.98287
2343,2012,A,BE0974293251,117632,784948.07535
2343,2013,A,BE0974293251,154587,661593.84683
2343,2014,A,BE0974293251,154029,759687.35758
2343,2015,A,BE0974293251,152321,806921.79017
2343,2016,A,BE0974293251,206633,1179626.4875
2343,2017,A,BE0974293251,200000,1021274.7
2343,2018,A,BE0974293251,175000,1149276.0686
2343,2019,A,BE0974293251,175000,1197466.6743
2343,2020,A,BE0974293251,,
7028,2010,A,FR0000120628,102957,6962139.534
7028,2011,A,FR0000120628,96996,7385211.7613
7028,2012,A,FR0000120628,94364,7929337.4592
7028,2013,A,FR0000120628,93146,7914145.535
7028,2014,A,FR0000120628,96279,8514504.7207
7028,2015,A,FR0000120628,98279,8804047.6602
7028,2016,A,FR0000120628,97707,8969449.4765
7028,2017,A,FR0000120628,95728,8944196.0555
7028,2018,A,FR0000120628,104065,8687157.0653
7028,2019,A,FR0000120628,99843,7584477.6299
7028,2020,A,FR0000120628,,
7083,2010,A,FR0000125486,179527,313425.27865
7083,2011,A,FR0000125486,183320,329457.23325
7083,2012,A,FR0000125486,192701,318566.06868
7083,2013,A,FR0000125486,190704,329452.97424
7083,2014,A,FR0000125486,185300,338774.95953
7083,2015,A,FR0000125486,185000,334427.02703
7083,2016,A,FR0000125486,183487,368979.81873
7083,2017,A,FR0000125486,194428,357705.68025
7083,2018,A,FR0000125486,211233,355247.52288
7083,2019,A,FR0000125486,222000,408702.7027
7083,2020,A,FR0000125486,,
7598,2010,A,FR0000120578,101575,809382.22988
7598,2011,A,FR0000120578,113719,848864.30588
7598,2012,A,FR0000120578,111974,857609.80228
7598,2013,A,FR0000120578,112128,819697.13185
7598,2014,A,FR0000120578,113496,815288.64453
7598,2015,A,FR0000120578,115631,844124.84541
7598,2016,A,FR0000120578,106859,935840.68726
7598,2017,A,FR0000120578,106556,896580.20196
7598,2018,A,FR0000120578,104226,1024648.3603
7598,2019,A,FR0000120578,100409,1068649.2247
7598,2020,A,FR0000120578,,
8000,2010,A,FR0010208488,236116,774991.95311
8000,2011,A,FR0010208488,240303,882348.53497
8000,2012,A,FR0010208488,236156,863670.6245
8000,2013,A,FR0010208488,147200,1079816.5761
8000,2014,A,FR0010208488,152900,1074722.0406
8000,2015,A,FR0010208488,154950,1028576.9603
8000,2016,A,FR0010208488,153090,1027167.0259
8000,2017,A,FR0010208488,150000,996860
8000,2018,A,FR0010208488,160000,953975
8000,2019,A,FR0010208488,171000,929432.74854
8000,2020,A,FR0010208488,,
8049,2010,A,FR0000121014,83542,436858.1073
8049,2011,A,FR0000121014,97559,475127.87134
8049,2012,A,FR0000121014,106348,461212.24659
8049,2013,A,FR0000121014,114635,477733.67645
8049,2014,A,FR0000121014,121289,428117.96618
8049,2015,A,FR0000121014,125346,444018.95553
8049,2016,A,FR0000121014,134476,428061.51284
8049,2017,A,FR0000121014,128637,519384.00305
8049,2018,A,FR0000121014,136633,529652.42657
8049,2019,A,FR0000121014,147715,637937.921
8049,2020,A,FR0000121014,,
8135,2010,A,FR0000121972,123482,243177.14323
8135,2011,A,FR0000121972,140491,245154.49388
8135,2012,A,FR0000121972,152384,225817.67115
8135,2013,A,FR0000121972,163033,216121.88943
8135,2014,A,FR0000121972,185965,209706.1275
8135,2015,A,FR0000121972,181362,220955.8783
8135,2016,A,FR0000121972,170866,229876.04322
8135,2017,A,FR0000121972,153124,246545.28356
8135,2018,A,FR0000121972,152058,264497.75743
8135,2019,A,FR0000121972,151297,284202.5949
8135,2020,A,FR0000121972,,
8349,2010,A,FR0000127771,54561,1047579.7731
8349,2011,A,FR0000127771,58400,929760.27397
8349,2012,A,FR0000127771,58050,1025219.6382
8349,2013,A,FR0000127771,41439,1169116.0501
8349,2014,A,FR0000127771,15000,2335200
8349,2015,A,FR0000127771,16395,2093565.1113
8349,2016,A,FR0000127771,20300,1557290.6404
8349,2017,A,FR0000127771,33200,1015481.9277
8349,2018,A,FR0000127771,41600,810769.23077
8349,2019,A,FR0000127771,43900,832892.9385
8349,2020,A,FR0000127771,,
8350,2010,A,FR0000121485,61910,389832.01421
8350,2011,A,FR0000121485,52107,468102.17437
8350,2012,A,FR0000121485,29378,839277.69079
8350,2013,A,FR0000121485,31415,705424.16043
8350,2014,A,FR0000121485,37441,600835.98194
8350,2015,A,FR0000121485,38801,592799.15466
8350,2016,A,FR0000121485,40052,579546.58943
8350,2017,A,FR0000121485,44055,558683.46385
8350,2018,A,FR0000121485,34795,590239.97701
8350,2019,A,FR0000121485,38068,677224.96585
8350,2020,A,FR0000121485,,
8364,2010,A,FR0000131104,,
8364,2011,A,FR0000131104,,
8364,2012,A,FR0000131104,,
8364,2013,A,FR0000131104,,
8364,2014,A,FR0000131104,,
8364,2015,A,FR0000131104,,
8364,2016,A,FR0000131104,,
8364,2017,A,FR0000131104,,
8364,2018,A,FR0000131104,,
8364,2019,A,FR0000131104,,
8365,2010,A,FR0000131104,205348,9685587.3931
8365,2011,A,FR0000131104,198423,9857425.8025
8365,2012,A,FR0000131104,188551,10073767.84
8365,2013,A,FR0000131104,184545,9713500.7722
8365,2014,A,FR0000131104,187903,11019515.388
8365,2015,A,FR0000131104,189077,10513256.504
8365,2016,A,FR0000131104,192419,10762253.208
8365,2017,A,FR0000131104,196128,9969112.0085
8365,2018,A,FR0000131104,202624,10046065.619
8365,2019,A,FR0000131104,198816,10863094.52
8365,2020,A,FR0000131104,,
8384,2010,A,FR0000121667,,
8384,2011,A,FR0000121667,,
8384,2012,A,FR0000121667,,
8384,2013,A,FR0000121667,,
8384,2014,A,FR0000121667,,
8384,2015,A,FR0000121667,,
8384,2016,A,FR0000121667,,
8384,2017,A,FR0000121667,,
8384,2018,A,FR0000121667,,
8384,2019,A,FR0000121667,,
8386,2010,A,FR0000121667,42704,119891.20457
8386,2011,A,FR0000121667,48700,124363.38809
8386,2012,A,FR0000121667,50668,134018.19689
8386,2013,A,FR0000121667,55129,135409.67549
8386,2014,A,FR0000121667,58032,183312.65509
8386,2015,A,FR0000121667,60883,193847.21515
8386,2016,A,FR0000121667,63676,203781.64458
8386,2017,A,FR0000121667,66918,180653.93467
8386,2018,A,FR0000121667,150616,304967.59972
8386,2019,A,FR0000121667,151242,344838.07408
8386,2020,A,FR0000121667,,
8448,2010,A,FR0000073272,,
8448,2011,A,FR0000073272,,
8448,2012,A,FR0000073272,,
8448,2013,A,FR0000073272,,
8448,2014,A,FR0000073272,,
8448,2015,A,FR0000073272,,
8448,2016,A,FR0000073272,,
8448,2017,A,FR0000073272,,
8448,2018,A,FR0000073272,,
8448,2019,A,FR0000073272,,
8450,2010,A,FR0000073272,53407,342970.02266
8450,2011,A,FR0000073272,53407,382927.33162
8450,2012,A,FR0000073272,62558,363534.63985
8450,2013,A,FR0000073272,66289,358551.19251
8450,2014,A,FR0000073272,68945,375734.28095
8450,2015,A,FR0000073272,70087,392697.64721
8450,2016,A,FR0000073272,66490,446788.99083
8450,2017,A,FR0000073272,58324,550459.50209
8450,2018,A,FR0000073272,92639,434255.55112
8450,2019,A,FR0000073272,95443,445889.16945
8450,2020,A,FR0000073272,,
8467,2010,A,FR0000120271,,
8467,2011,A,FR0000120271,,
8467,2012,A,FR0000120271,,
8467,2013,A,FR0000120271,,
8467,2014,A,FR0000120271,,
8467,2015,A,FR0000120271,,
8467,2016,A,FR0000120271,,
8467,2017,A,FR0000120271,,
8467,2018,A,FR0000120271,,
8467,2019,A,FR0000120271,,
8470,2010,A,FR0000120271,92855,1532927.683
8470,2011,A,FR0000120271,96104,1688608.1745
8470,2012,A,FR0000120271,97126,1750272.8415
8470,2013,A,FR0000120271,98799,1727557.9712
8470,2014,A,FR0000120271,100307,1860982.9125
8470,2015,A,FR0000120271,96019,2115022.4643
8470,2016,A,FR0000120271,102168,2102676.7677
8470,2017,A,FR0000120271,98277,2014840.1966
8470,2018,A,FR0000120271,104460,2087749.6458
8470,2019,A,FR0000120271,107776,2210451.0837
8470,2020,A,FR0000120271,,
8491,2010,A,FR0000120644,100995,271775.83049
8491,2011,A,FR0000120644,101885,272218.67792
8491,2012,A,FR0000120644,102401,281667.17122
8491,2013,A,FR0000120644,104642,288784.61803
8491,2014,A,FR0000120644,99927,309335.81515
8491,2015,A,FR0000120644,99771,318830.12098
8491,2016,A,FR0000120644,99091,435135.38061
8491,2017,A,FR0000120644,104843,415344.84896
8491,2018,A,FR0000120644,105783,410425.11557
8491,2019,A,FR0000120644,102449,435065.25198
8491,2020,A,FR0000120644,,
8495,2010,A,FR0000120073,43600,509892.20183
8495,2011,A,FR0000120073,46200,515867.96537
8495,2012,A,FR0000120073,49500,497747.47475
8495,2013,A,FR0000120073,50250,493391.04478
8495,2014,A,FR0000120073,50300,526429.42346
8495,2015,A,FR0000120073,51500,557401.94175
8495,2016,A,FR0000120073,66700,658709.14543
8495,2017,A,FR0000120073,65200,625289.8773
8495,2018,A,FR0000120073,66000,631784.84848
8495,2019,A,FR0000120073,67200,645980.65476
8495,2020,A,FR0000120073,,
8501,2010,A,FR0000120321,,
8501,2011,A,FR0000120321,,
8501,2012,A,FR0000120321,,
8501,2013,A,FR0000120321,,
8501,2014,A,FR0000120321,,
8501,2015,A,FR0000120321,,
8501,2016,A,FR0000120321,,
8501,2017,A,FR0000120321,,
8501,2018,A,FR0000120321,,
8501,2019,A,FR0000120321,,
8503,2010,A,FR0000120321,66619,351527.34205
8503,2011,A,FR0000120321,68886,380138.19934
8503,2012,A,FR0000120321,72637,396592.64562
8503,2013,A,FR0000120321,77452,395364.87115
8503,2014,A,FR0000120321,78611,397206.49782
8503,2015,A,FR0000120321,82881,400132.72041
8503,2016,A,FR0000120321,89331,392718.09338
8503,2017,A,FR0000120321,82606,421384.64518
8503,2018,A,FR0000120321,86030,440367.31373
8503,2019,A,FR0000120321,87974,489150.20347
8503,2020,A,FR0000120321,,
8522,2010,A,FR0000120693,18917,1363852.6193
8522,2011,A,FR0000120693,17926,1352225.8173
8522,2012,A,FR0000120693,18308,1442538.7809
8522,2013,A,FR0000120693,18608,1384726.9991
8522,2014,A,FR0000120693,18308,1403211.7107
8522,2015,A,FR0000120693,18232,1538997.3673
8522,2016,A,FR0000120693,18237,1540439.7653
8522,2017,A,FR0000120693,18442,1502602.7546
8522,2018,A,FR0000120693,18914,1480490.6419
8522,2019,A,FR0000120693,19140,1538923.72
8522,2020,A,FR0000120693,18776,1589635.7052
8979,2010,A,DE0005810055,3490,42648366.762
8979,2011,A,DE0005810055,3588,60756382.386
8979,2012,A,DE0005810055,3704,10370302.376
8979,2013,A,DE0005810055,3811,9371319.8636
8979,2014,A,DE0005810055,4540,10025726.872
8979,2015,A,DE0005810055,5283,10152924.475
8979,2016,A,DE0005810055,5176,10794571.097
8979,2017,A,DE0005810055,5640,9845673.7589
8979,2018,A,DE0005810055,5964,11320338.699
8979,2019,A,DE0005810055,6775,8670022.1402
8979,2020,A,DE0005810055,,
9027,2010,A,DE0007100000,260100,512176.08612
9027,2011,A,DE0007100000,271370,535652.43026
9027,2012,A,DE0007100000,275087,584193.36428
9027,2013,A,DE0007100000,274616,606989.3961
9027,2014,A,DE0007100000,279972,662605.54627
9027,2015,A,DE0007100000,284015,753065.8592
9027,2016,A,DE0007100000,282488,846471.35454
9027,2017,A,DE0007100000,289321,873604.05916
9027,2018,A,DE0007100000,298683,929406.76235
9027,2019,A,DE0007100000,298655,993236.34294
9027,2020,A,DE0007100000,,
9272,2010,A,DE0005552004,418946,88133.07682
9272,2011,A,DE0005552004,423502,87968.88799
9272,2012,A,DE0005552004,473626,69388.08258
9272,2013,A,DE0005552004,480006,71147.02733
9272,2014,A,DE0005552004,488824,72064.79224
9272,2015,A,DE0005552004,497745,72050.94978
9272,2016,A,DE0005552004,508036,71063.86162
9272,2017,A,DE0005552004,519544,70061.43849
9272,2018,A,DE0005552004,547459,87564.54821
9272,2019,A,DE0005552004,546924,90769.46706
9272,2020,A,DE0005552004,,
9340,2010,A,DE0006231004,26654,175770.99122
9340,2011,A,DE0006231004,25720,218157.07621
9340,2012,A,DE0006231004,26658,209430.56493
9340,2013,A,DE0006231004,26725,208793.26473
9340,2014,A,DE0006231004,29807,203307.9478
9340,2015,A,DE0006231004,35424,229703.0262
9340,2016,A,DE0006231004,36299,233174.46762
9340,2017,A,DE0006231004,37479,249019.45089
9340,2018,A,DE0006231004,40098,255149.88279
9340,2019,A,DE0006231004,41418,309358.25004
9340,2020,A,DE0006231004,,
9416,2010,A,DE0008404005,151338,4025076.3192
9416,2011,A,DE0008404005,141938,4412327.9178
9416,2012,A,DE0008404005,144094,4719814.8431
9416,2013,A,DE0008404005,147627,4711665.2103
9416,2014,A,DE0008404005,147425,5353250.8055
9416,2015,A,DE0008404005,142459,5829333.3521
9416,2016,A,DE0008404005,140253,6163782.5929
9416,2017,A,DE0008404005,140553,6270944.0567
9416,2018,A,DE0008404005,142460,6157981.1877
9416,2019,A,DE0008404005,147268,6714771.7087
9416,2020,A,DE0008404005,,
9455,2010,A,DE0005557508,246777,497141.14362
9455,2011,A,DE0005557508,235132,502241.29425
9455,2012,A,DE0005557508,229686,449430.96227
9455,2013,A,DE0005557508,229704,492755.89454
9455,2014,A,DE0005557508,227811,545149.26847
9455,2015,A,DE0005557508,225243,615655.0925
9455,2016,A,DE0005557508,218341,656198.33197
9455,2017,A,DE0005557508,217349,631799.54819
9455,2018,A,DE0005557508,215675,660373.24678
9455,2019,A,DE0005557508,210533,797822.66913
9455,2020,A,DE0005557508,,
9471,2010,A,DE0007164600,,
9471,2011,A,DE0007164600,,
9471,2012,A,DE0007164600,,
9471,2013,A,DE0007164600,,
9471,2014,A,DE0007164600,,
9471,2015,A,DE0007164600,,
9471,2016,A,DE0007164600,,
9471,2017,A,DE0007164600,,
9471,2018,A,DE0007164600,,
9471,2019,A,DE0007164600,,
9473,2010,A,DE0007164600,53513,375703.10018
9473,2011,A,DE0007164600,55765,408141.30727
9473,2012,A,DE0007164600,64422,406305.29943
9473,2013,A,DE0007164600,66572,402571.65175
9473,2014,A,DE0007164600,74406,512754.34777
9473,2015,A,DE0007164600,76986,531746.03175
9473,2016,A,DE0007164600,84183,519190.33534
9473,2017,A,DE0007164600,88543,468416.47561
9473,2018,A,DE0007164600,96498,523078.19851
9473,2019,A,DE0007164600,100330,587700.58806
9473,2020,A,DE0007164600,,
9479,2010,A,DE000A1EWWW0,,
9479,2011,A,DE000A1EWWW0,,
9479,2012,A,DE000A1EWWW0,,
9479,2013,A,DE000A1EWWW0,,
9479,2014,A,DE000A1EWWW0,,
9479,2015,A,DE000A1EWWW0,,
9479,2016,A,DE000A1EWWW0,,
9479,2017,A,DE000A1EWWW0,,
9479,2018,A,DE000A1EWWW0,,
9479,2019,A,DE000A1EWWW0,,
9480,2010,A,DE000A1EWWW0,42541,237653.08761
9480,2011,A,DE000A1EWWW0,40637,267908.55624
9480,2012,A,DE000A1EWWW0,40168,276911.96973
9480,2013,A,DE000A1EWWW0,43537,255254.15164
9480,2014,A,DE000A1EWWW0,53731,220356.96339
9480,2015,A,DE000A1EWWW0,55555,228710.2871
9480,2016,A,DE000A1EWWW0,60617,238282.98992
9480,2017,A,DE000A1EWWW0,56888,244199.12811
9480,2018,A,DE000A1EWWW0,57016,262400.02806
9480,2019,A,DE000A1EWWW0,59533,329010.80073
9480,2020,A,DE000A1EWWW0,,
9849,2010,A,DE0008430026,,
9849,2011,A,DE0008430026,,
9849,2012,A,DE0008430026,,
9849,2013,A,DE0008430026,,
9849,2014,A,DE0008430026,,
9849,2015,A,DE0008430026,,
9849,2016,A,DE0008430026,,
9849,2017,A,DE0008430026,,
9849,2018,A,DE0008430026,,
9849,2019,A,DE0008430026,,
9850,2010,A,DE0008430026,46915,4793967.8141
9850,2011,A,DE0008430026,47206,4965449.3073
9850,2012,A,DE0008430026,45437,5423135.3302
9850,2013,A,DE0008430026,44665,5226150.2295
9850,2014,A,DE0008430026,43316,5823390.8948
9850,2015,A,DE0008430026,43554,5878197.1805
9850,2016,A,DE0008430026,43428,5902551.3494
9850,2017,A,DE0008430026,42410,5972553.643
9850,2018,A,DE0008430026,41410,6171794.2526
9850,2019,A,DE0008430026,39662,6822878.3218
9850,2020,A,DE0008430026,,
10087,2010,A,DE0007236101,,
10087,2011,A,DE0007236101,,
10087,2012,A,DE0007236101,,
10087,2013,A,DE0007236101,,
10087,2014,A,DE0007236101,,
10087,2015,A,DE0007236101,,
10087,2016,A,DE0007236101,,
10087,2017,A,DE0007236101,,
10087,2018,A,DE0007236101,,
10087,2019,A,DE0007236101,,
10087,2020,A,DE0007236101,,
10089,2010,A,DE0007236101,405000,244165.4321
10089,2011,A,DE0007236101,402000,251335.8209
10089,2012,A,DE0007236101,366700,284987.72839
10089,2013,A,DE0007236101,362000,272660.22099
10089,2014,A,DE0007236101,343000,296049.56268
10089,2015,A,DE0007236101,348000,338382.18391
10089,2016,A,DE0007236101,351000,348393.16239
10089,2017,A,DE0007236101,372000,353513.44086
10089,2018,A,DE0007236101,379000,360353.56201
10089,2019,A,DE0007236101,385000,382010.38961
10089,2020,A,DE0007236101,,
10091,2010,A,DE0007664039,,
10091,2011,A,DE0007664039,,
10091,2012,A,DE0007664039,,
10091,2013,A,DE0007664039,,
10091,2014,A,DE0007664039,,
10091,2015,A,DE0007664039,,
10091,2016,A,DE0007664039,,
10091,2017,A,DE0007664039,,
10091,2018,A,DE0007664039,,
10091,2019,A,DE0007664039,,
10092,2010,A,DE0007664039,399381,488618.63734
10092,2011,A,DE0007664039,501956,492658.71909
10092,2012,A,DE0007664039,549763,548834.67967
10092,2013,A,DE0007664039,563000,566094.13854
10092,2014,A,DE0007664039,592586,582752.54562
10092,2015,A,DE0007664039,610076,612889.2138
10092,2016,A,DE0007664039,626715,638210.3508
10092,2017,A,DE0007664039,642292,642049.09916
10092,2018,A,DE0007664039,664496,674232.802
10092,2019,A,DE0007664039,671205,707630.30669
10092,2020,A,DE0007664039,,
10095,2010,A,DE000BAY0017,111400,451813.28546
10095,2011,A,DE000BAY0017,111800,460232.55814
10095,2012,A,DE000BAY0017,110500,450271.49321
10095,2013,A,DE000BAY0017,113200,439231.44876
10095,2014,A,DE000BAY0017,118888,565683.66866
10095,2015,A,DE000BAY0017,116800,592791.09589
10095,2016,A,DE000BAY0017,115200,658750
10095,2017,A,DE000BAY0017,99820,702985.37367
10095,2018,A,DE000BAY0017,116998,1042812.6977
10095,2019,A,DE000BAY0017,103824,1172002.6198
10095,2020,A,DE000BAY0017,,
10096,2010,A,DE000BASF111,103449,568280.02204
10096,2011,A,DE000BASF111,108576,558373.85794
10096,2012,A,DE000BASF111,113262,559490.38512
10096,2013,A,DE000BASF111,112206,564943.05117
10096,2014,A,DE000BASF111,113292,610510.89221
10096,2015,A,DE000BASF111,112435,614088.13981
10096,2016,A,DE000BASF111,113830,649942.8973
10096,2017,A,DE000BASF111,115490,663693.82631
10096,2018,A,DE000BASF111,122404,688000.39214
10096,2019,A,DE000BASF111,117628,714651.27351
10096,2020,A,DE000BASF111,,
10112,2010,A,DE0005190003,,
10112,2011,A,DE0005190003,,
10112,2012,A,DE0005190003,,
10112,2013,A,DE0005190003,,
10112,2014,A,DE0005190003,,
10112,2015,A,DE0005190003,,
10112,2016,A,DE0005190003,,
10112,2017,A,DE0005190003,,
10112,2018,A,DE0005190003,,
10112,2019,A,DE0005190003,,
10114,2010,A,DE0005190003,95453,1125936.3247
10114,2011,A,DE0005190003,100306,1211323.3506
10114,2012,A,DE0005190003,105876,1226425.2522
10114,2013,A,DE0005190003,110351,1239209.4317
10114,2014,A,DE0005190003,116324,1313073.8283
10114,2015,A,DE0005190003,122244,1392534.6029
10114,2016,A,DE0005190003,124729,1492900.6085
10114,2017,A,DE0005190003,129932,1474278.8536
10114,2018,A,DE0005190003,134682,1539849.4231
10114,2019,A,DE0005190003,133778,1688169.9532
10114,2020,A,DE0005190003,,
12296,2010,A,IE00BWT6H894,2574,152387.72339
12296,2011,A,IE00BWT6H894,3216,128670.08706
12296,2012,A,IE00BWT6H894,3457,146142.03066
12296,2013,A,IE00BWT6H894,4156,129683.34937
12296,2014,A,IE00BWT6H894,4856,128769.76936
12296,2015,A,IE00BWT6H894,5069,108417.17561
12296,2016,A,IE00BWT6H894,7557,770841.04301
12296,2017,A,IE00BWT6H894,7503,738555.39171
12296,2018,A,IE00BWT6H894,7702,746278.09296
12296,2019,A,IE00BWT6H894,8890,717170.94331
12296,2020,A,IE00BWT6H894,,
12332,2010,A,IE0001827041,76418,275798.89555
12332,2011,A,IE0001827041,76433,276019.52036
12332,2012,A,IE0001827041,76175,275300.29537
12332,2013,A,IE0001827041,75642,268660.26811
12332,2014,A,IE0001827041,75706,288563.65414
12332,2015,A,IE0001827041,78106,407881.5968
12332,2016,A,IE0001827041,82889,379242.11898
12332,2017,A,IE0001827041,85363,369457.49329
12332,2018,A,IE0001827041,89831,390755.97511
12332,2019,A,IE0001827041,86951,428321.69843
12332,2020,A,IE0001827041,,
12612,2010,A,IT0003132476,78830,1611011.0364
12612,2011,A,IT0003132476,78686,1746574.9943
12612,2012,A,IT0003132476,77838,1730876.9496
12612,2013,A,IT0003132476,82289,1621431.7831
12612,2014,A,IT0003132476,84405,1670232.8061
12612,2015,A,IT0003132476,29053,4489828.9333
12612,2016,A,IT0003132476,33536,3600757.395
12612,2017,A,IT0003132476,32934,3365822.5542
12612,2018,A,IT0003132476,31701,3610043.8472
12612,2019,A,IT0003132476,32053,3715096.8708
12612,2020,A,IT0003132476,,
12684,2010,A,IT0000072618,,
12684,2011,A,IT0000072618,,
12684,2012,A,IT0000072618,,
12684,2013,A,IT0000072618,,
12684,2014,A,IT0000072618,,
12684,2015,A,IT0000072618,,
12684,2016,A,IT0000072618,,
12684,2017,A,IT0000072618,,
12684,2018,A,IT0000072618,,
12684,2019,A,IT0000072618,,
12685,2010,A,IT0000072618,102501,6368552.5019
12685,2011,A,IT0000072618,100118,6261591.3222
12685,2012,A,IT0000072618,96170,6900686.2847
12685,2013,A,IT0000072618,93845,6556598.6467
12685,2014,A,IT0000072618,89486,7096272.0426
12685,2015,A,IT0000072618,90807,7324336.2296
12685,2016,A,IT0000072618,89126,8010782.4877
12685,2017,A,IT0000072618,96892,8087994.8809
12685,2018,A,IT0000072618,92117,8400056.45
12685,2019,A,IT0000072618,89102,9004859.5991
12685,2020,A,IT0000072618,,
12781,2010,A,IT0003128367,78313,2069068.9924
12781,2011,A,IT0003128367,75360,2173487.2612
12781,2012,A,IT0003128367,73702,2243507.6389
12781,2013,A,IT0003128367,71394,2211796.5095
12781,2014,A,IT0003128367,68961,2313873.0587
12781,2015,A,IT0003128367,67914,2264525.7237
12781,2016,A,IT0003128367,62080,2399017.3969
12781,2017,A,IT0003128367,62900,2373402.2258
12781,2018,A,IT0003128367,69272,2268145.8598
12781,2019,A,IT0003128367,68253,2378122.5734
12781,2020,A,IT0003128367,,
18710,2010,A,NL0010273215,6548,933010.07941
18710,2011,A,NL0010273215,7955,907866.75047
18710,2012,A,NL0010273215,8497,867486.76003
18710,2013,A,NL0010273215,10360,1097897.3938
18710,2014,A,NL0010273215,14072,865206.43832
18710,2015,A,NL0010273215,14681,903618.21402
18710,2016,A,NL0010273215,16647,1031478.4045
18710,2017,A,NL0010273215,19216,945290.38301
18710,2018,A,NL0010273215,20044,992845.73937
18710,2019,A,NL0010273215,23219,955437.35734
18710,2020,A,NL0010273215,,
18810,2010,A,NL0000235190,121691,648667.52677
18810,2011,A,NL0000235190,133115,632287.87139
18810,2012,A,NL0000235190,140405,623795.44888
18810,2013,A,NL0000235190,144061,621063.29957
18810,2014,A,NL0000235190,138622,652024.93111
18810,2015,A,NL0000235190,136574,731632.668
18810,2016,A,NL0000235190,133782,774214.76731
18810,2017,A,NL0000235190,129442,852420.38905
18810,2018,A,NL0000235190,133671,825631.588
18810,2019,A,NL0000235190,134931,810792.18267
18810,2020,A,NL0000235190,,
18895,2010,A,NL0011821202,107106,
18895,2011,A,NL0011821202,97043,
18895,2012,A,NL0011821202,92572,12606176.814
18895,2013,A,NL0011821202,83690,
18895,2014,A,NL0011821202,68431,
18895,2015,A,NL0011821202,54873,15325478.833
18895,2016,A,NL0011821202,54737,15433198.75
18895,2017,A,NL0011821202,54302,15568450.517
18895,2018,A,NL0011821202,54804,16170151.814
18895,2019,A,NL0011821202,56196,15855470.14
18895,2020,A,NL0011821202,,
18919,2010,A,NL0011794037,122027,117310.1035
18919,2011,A,NL0011794037,121000,120545.45455
18919,2012,A,NL0011794037,125000,117832
18919,2013,A,NL0011794037,123000,119764.22764
18919,2014,A,NL0011794037,227000,60105.72687
18919,2015,A,NL0011794037,236000,64627.11864
18919,2016,A,NL0011794037,370000,96148.64865
18919,2017,A,NL0011794037,369000,90609.7561
18919,2018,A,NL0011794037,372000,89198.92473
18919,2019,A,NL0011794037,380000,108623.68421
18919,2020,A,NL0011794037,,
18952,2010,A,NL0000009538,119001,259812.94275
18952,2011,A,NL0000009538,121888,223590.50932
18952,2012,A,NL0000009538,118087,230016.85198
18952,2013,A,NL0000009538,114689,216969.36934
18952,2014,A,NL0000009538,105365,245736.25018
18952,2015,A,NL0000009538,104204,270795.7468
18952,2016,A,NL0000009538,105223,280461.49606
18952,2017,A,NL0000009538,73951,320712.36359
18952,2018,A,NL0000009538,77400,312545.21964
18952,2019,A,NL0000009538,80495,312454.1897
18952,2020,A,NL0000009538,,
21599,2010,A,ES0148396007,92301,87769.73164
21599,2011,A,ES0148396007,100138,95136.00232
21599,2012,A,ES0148396007,109512,96818.66827
21599,2013,A,ES0148396007,120314,103959.3231
21599,2014,A,ES0148396007,128313,103080.72448
21599,2015,A,ES0148396007,137054,107500.88286
21599,2016,A,ES0148396007,152854,109017.22559
21599,2017,A,ES0148396007,162450,116339.8338
21599,2018,A,ES0148396007,171839,113402.66179
21599,2019,A,ES0148396007,174386,119424.72446
21599,2020,A,ES0148396007,176611,153755.99481
21720,2010,A,ES0113900J37,178869,6711123.8672
21720,2011,A,ES0113900J37,193349,6381026.0203
21720,2012,A,ES0113900J37,186763,6692283.8035
21720,2013,A,ES0113900J37,182958,5982629.8932
21720,2014,A,ES0113900J37,185405,6710347.6174
21720,2015,A,ES0113900J37,193863,6799724.5478
21720,2016,A,ES0113900J37,188492,6991601.7656
21720,2017,A,ES0113900J37,202251,7026392.9474
21720,2018,A,ES0113900J37,194456,7384770.8479
21720,2019,A,ES0113900J37,192376,7796902.9401
21720,2020,A,ES0113900J37,,
21741,2010,A,ES0144580Y14,31344,2878165.5181
21741,2011,A,ES0144580Y14,31885,2896645.6641
21741,2012,A,ES0144580Y14,31338,2945351.4583
21741,2013,A,ES0144580Y14,30678,2796812.6671
21741,2014,A,ES0144580Y14,28212,3116904.9695
21741,2015,A,ES0144580Y14,27169,3608328.389
21741,2016,A,ES0144580Y14,28389,3513616.753
21741,2017,A,ES0144580Y14,28750,3662823.8609
21741,2018,A,ES0144580Y14,33415,3218671.9737
21741,2019,A,ES0144580Y14,34306,3381589.3138
21741,2020,A,ES0144580Y14,,
59463,2010,A,FI0009013403,33755,117653.68094
59463,2011,A,FI0009013403,37542,121168.29151
59463,2012,A,FI0009013403,39851,123181.35053
59463,2013,A,FI0009013403,43298,118351.88692
59463,2014,A,FI0009013403,47064,129551.24936
59463,2015,A,FI0009013403,49734,144888.80846
59463,2016,A,FI0009013403,52104,146493.55136
59463,2017,A,FI0009013403,55075,135624.14889
59463,2018,A,FI0009013403,57359,130411.96674
59463,2019,A,FI0009013403,59825,139089.00961
59463,2020,A,FI0009013403,,
59464,2010,A,FI0009013403,,
59464,2011,A,FI0009013403,,
59464,2012,A,FI0009013403,,
59464,2013,A,FI0009013403,,
59464,2014,A,FI0009013403,,
59464,2015,A,FI0009013403,,
59464,2016,A,FI0009013403,,
59464,2017,A,FI0009013403,,
59464,2018,A,FI0009013403,,
59464,2019,A,FI0009013403,,
103929,2010,A,ES0109067019,7778,679425.17357
103929,2011,A,ES0109067019,8161,613982.60017
103929,2012,A,ES0109067019,9163,559066.02641
103929,2013,A,ES0109067019,10502,514124.73815
103929,2014,A,ES0109067019,11951,513721.4459
103929,2015,A,ES0109067019,12807,545870.61763
103929,2016,A,ES0109067019,13881,558497.22642
103929,2017,A,ES0109067019,14963,525469.49141
103929,2018,A,ES0109067019,16920,597529.55083
103929,2019,A,ES0109067019,17789,582590.36483
103929,2020,A,ES0109067019,,
120900,2010,A,DE000A1ML7J1,1068,9855337.0787
120900,2011,A,DE000A1ML7J1,1230,8441463.4146
120900,2012,A,DE000A1ML7J1,2204,4809210.5263
120900,2013,A,DE000A1ML7J1,2935,3778466.7802
120900,2014,A,DE000A1ML7J1,3850,3829662.3377
120900,2015,A,DE000A1ML7J1,6368,4850314.0704
120900,2016,A,DE000A1ML7J1,7437,4370377.8405
120900,2017,A,DE000A1ML7J1,8448,4439630.6818
120900,2018,A,DE000A1ML7J1,9923,4971631.563
120900,2019,A,DE000A1ML7J1,10345,5455621.073
120900,2020,A,DE000A1ML7J1,,
136094,2014,A,NL0012969182,,
136094,2015,A,NL0012969182,338,2427505.9172
136094,2016,A,NL0012969182,464,2962161.6379
136094,2017,A,NL0012969182,668,1699962.5749
136094,2018,A,NL0012969182,873,2121556.701
136094,2019,A,NL0012969182,1182,2146650.5922
136094,2020,A,NL0012969182,,
137375,2010,A,IE00BZ12WP82,26261,581622.93896
137375,2011,A,IE00BZ12WP82,26184,624656.27864
137375,2012,A,IE00BZ12WP82,26539,681638.34357
137375,2013,A,IE00BZ12WP82,27560,732329.46299
137375,2014,A,IE00BZ12WP82,27780,709287.25702
137375,2015,A,IE00BZ12WP82,26657,682785.00957
137375,2016,A,IE00BZ12WP82,26498,722582.83644
137375,2017,A,IE00BZ12WP82,26461,764823.70281
137375,2018,A,IE00BZ12WP82,80820,1149170.9973
137375,2019,A,IE00BZ12WP82,79886,1081153.1432
137375,2020,A,IE00BZ12WP82,,
140111,2017,A,NL0013654783,10739,1561473.3215
140111,2018,A,NL0013654783,12559,2040183.1356
140111,2019,A,NL0013654783,15078,1941136.6892
140111,2020,A,NL0013654783,,
